{"cameraMode":{"drawMode":0,"name":"Shaded","section":"Shading Mode"},"sceneLighting":false,"audioPlay":false,"sceneViewState":{"m_AlwaysRefresh":false,"showFog":true,"showSkybox":false,"showFlares":true,"showImageEffects":true,"showParticleSystems":true,"showVisualEffectGraphs":true,"m_FxEnabled":true},"in2DMode":false,"pivot":{"x":1.1920928955078126e-7,"y":1.2123339176177979,"z":-0.3154405951499939},"rotation":{"x":-0.13784153759479524,"y":-0.020207159221172334,"z":0.0028112241998314859,"w":-0.9902539253234863},"size":2.2477614879608156,"orthographic":false}